REM INSERTING into G02_BOOK.ARTICLE
SET DEFINE OFF;
Insert into G02_BOOK.ARTICLE (ART_NUM,EDIT_ID,ART_NOM,ART_DESC,ART_ANNEE,ART_NB_PAGES,EDIT_LIBELLE,ART_LANGUE,ART_ISBN,ART_PRIX_HT,ART_NB_STOCK,ART_RESUME) values ('2','1','La jeune fille et la nuit','Un campus prestigieux figé sous la neige
Trois amis liés par un secret tragique
Une jeune fille emportée par la nuit','2019','544','	Lgf','Francais','2253237620','8,4','50','Côte d’Azur - Hiver 1992');
Insert into G02_BOOK.ARTICLE (ART_NUM,EDIT_ID,ART_NOM,ART_DESC,ART_ANNEE,ART_NB_PAGES,EDIT_LIBELLE,ART_LANGUE,ART_ISBN,ART_PRIX_HT,ART_NB_STOCK,ART_RESUME) values ('3','1','Notre-Dame de Paris',null,'1975','733','Lgf	Lgf','Francais','2253009687','4,6','733','Sorti du libre élan mystique, le gothique, comme on l''a dit sans le comprendre, est le genre libre. Je dis libre, et non arbitraire. S''il s''en fût tenu au même type, s''il fût resté assujetti par l''harmonie géométrique, il eût péri de langueur.');
Insert into G02_BOOK.ARTICLE (ART_NUM,EDIT_ID,ART_NOM,ART_DESC,ART_ANNEE,ART_NB_PAGES,EDIT_LIBELLE,ART_LANGUE,ART_ISBN,ART_PRIX_HT,ART_NB_STOCK,ART_RESUME) values ('4','1','Hunger Games','Tome 1','2015','432','ea','Français','2266260774','9,99','100','Dans un futur sombre, sur les ruines des États-Unis, un jeu télévisé est créé pour contrôler le peuple par la terreur. 
Douze garçons et douze filles tirés au sort participent à cette sinistre téléréalité, que tout le monde est forcé de regarder en direct. Une seule règle dans l''''arène : survivre, à tout prix. ');
Insert into G02_BOOK.ARTICLE (ART_NUM,EDIT_ID,ART_NOM,ART_DESC,ART_ANNEE,ART_NB_PAGES,EDIT_LIBELLE,ART_LANGUE,ART_ISBN,ART_PRIX_HT,ART_NB_STOCK,ART_RESUME) values ('5','1','Harry Potter','Tome 1','2015','432','1ea','Français','2266260774','9,99','100','Dans un futur sombre, sur les ruines des États-Unis, un jeu télévisé est créé pour contrôler le peuple par la terreur. 
Douze garçons et douze filles tirés au sort participent à cette sinistre téléréalité, que tout le monde est forcé de regarder en direct. Une seule règle dans l''''arène : survivre, à tout prix. ');
Insert into G02_BOOK.ARTICLE (ART_NUM,EDIT_ID,ART_NOM,ART_DESC,ART_ANNEE,ART_NB_PAGES,EDIT_LIBELLE,ART_LANGUE,ART_ISBN,ART_PRIX_HT,ART_NB_STOCK,ART_RESUME) values ('6','1','1984','un monde fou','1948','432','flamarion','Anglais','2266260774','9,99','100','Dans un futur sombre, sur les ruines des États-Unis, un jeu télévisé est créé pour contrôler le peuple par la terreur. 
Douze garçons et douze filles tirés au sort participent à cette sinistre téléréalité, que tout le monde est forcé de regarder en direct. Une seule règle dans l''''arène : survivre, à tout prix. ');
Insert into G02_BOOK.ARTICLE (ART_NUM,EDIT_ID,ART_NOM,ART_DESC,ART_ANNEE,ART_NB_PAGES,EDIT_LIBELLE,ART_LANGUE,ART_ISBN,ART_PRIX_HT,ART_NB_STOCK,ART_RESUME) values ('7','1','One Piece',null,'2015','432','Glénat','Japonais','2266260774','9,99','100','Dans un futur sombre, sur les ruines des États-Unis, un jeu télévisé est créé pour contrôler le peuple par la terreur. 
Douze garçons et douze filles tirés au sort participent à cette sinistre téléréalité, que tout le monde est forcé de regarder en direct. Une seule règle dans l''''arène : survivre, à tout prix. ');
Insert into G02_BOOK.ARTICLE (ART_NUM,EDIT_ID,ART_NOM,ART_DESC,ART_ANNEE,ART_NB_PAGES,EDIT_LIBELLE,ART_LANGUE,ART_ISBN,ART_PRIX_HT,ART_NB_STOCK,ART_RESUME) values ('8','1','Sql Pour Les Nuls',null,'2014','444','Allen G. Taylor','Francais','9782754058636','16','444','Pour comprendre enfin quelque chose à la micro-informatique ! Vous voici confronté à un micro-ordinateur, plus par nécessité que par goût, avouons-le, sans savoir par quel bout prendre cet instrument barbare et capricieux. Oubliez toute appréhension, cette nouvelle collection est réellement faite pour vous ! Découvrez SOL, un langage qui permet de construire de puissantes bases de données relationnelles !');
Insert into G02_BOOK.ARTICLE (ART_NUM,EDIT_ID,ART_NOM,ART_DESC,ART_ANNEE,ART_NB_PAGES,EDIT_LIBELLE,ART_LANGUE,ART_ISBN,ART_PRIX_HT,ART_NB_STOCK,ART_RESUME) values ('1','1','Les Fourberies de Scapin',null,'2016','144','Hachette','Francais','2013949677','2,99','350','Octave et Léandre apprennent que leurs pères respectifs rentrent de ');
commit;
REM INSERTING into G02_BOOK.AUTEUR
SET DEFINE OFF;
Insert into G02_BOOK.AUTEUR (AUT_ID,AUT_NOM,AUT_PRENOM,AUT_NATIONALITE,AUT_AGE) values ('1','Oda','Echiiro','japonnais','40');
Insert into G02_BOOK.AUTEUR (AUT_ID,AUT_NOM,AUT_PRENOM,AUT_NATIONALITE,AUT_AGE) values ('2','Rowling','JK','British','14');
Insert into G02_BOOK.AUTEUR (AUT_ID,AUT_NOM,AUT_PRENOM,AUT_NATIONALITE,AUT_AGE) values ('3','Orwell','Georges','British','78');
commit;
REM INSERTING into G02_BOOK.CATEGORIE
SET DEFINE OFF;
REM INSERTING into G02_BOOK.CLASSIFIER
SET DEFINE OFF;
REM INSERTING into G02_BOOK.CLIENT
SET DEFINE OFF;
Insert into G02_BOOK.CLIENT (CLI_ID,CLI_NOM,CLI_PRENOM,CLI_EMAIL,CLI_MDP,CLI_AVOIR,CLI_RUE,CLI_CP,CLI_VILLE,CLI_PAYS) values ('3','Clay','Mohamed Ali','ali@gmail.com','ali','0','usa','058478','California','usa');
Insert into G02_BOOK.CLIENT (CLI_ID,CLI_NOM,CLI_PRENOM,CLI_EMAIL,CLI_MDP,CLI_AVOIR,CLI_RUE,CLI_CP,CLI_VILLE,CLI_PAYS) values ('1','Snowden','Edward','edward@gmail.com','azerty','100','Palace Square, 2','190000','Sankt-Peterburg','Russie');
Insert into G02_BOOK.CLIENT (CLI_ID,CLI_NOM,CLI_PRENOM,CLI_EMAIL,CLI_MDP,CLI_AVOIR,CLI_RUE,CLI_CP,CLI_VILLE,CLI_PAYS) values ('2','Escobar','Pablo','escobar@gmail.com','escob@r','0','numero151, Cra. 30,','050001','Medellin','Colombie');
commit;
REM INSERTING into G02_BOOK.COMMANDE
SET DEFINE OFF;
Insert into G02_BOOK.COMMANDE (CMD_NUM,CLI_ID,CMD_DATE,CMD_PRIX_TTC,PAY_MODE,PAY_TOTAL,CMD_REGLE) values ('1','1',to_date('03/05/19','DD/MM/RR'),'250','CB','260','1');
Insert into G02_BOOK.COMMANDE (CMD_NUM,CLI_ID,CMD_DATE,CMD_PRIX_TTC,PAY_MODE,PAY_TOTAL,CMD_REGLE) values ('2','1',to_date('21/06/19','DD/MM/RR'),'319,84','CB','330','0');
Insert into G02_BOOK.COMMANDE (CMD_NUM,CLI_ID,CMD_DATE,CMD_PRIX_TTC,PAY_MODE,PAY_TOTAL,CMD_REGLE) values ('3','2',to_date('02/07/19','DD/MM/RR'),'73,03','CB','80','1');
Insert into G02_BOOK.COMMANDE (CMD_NUM,CLI_ID,CMD_DATE,CMD_PRIX_TTC,PAY_MODE,PAY_TOTAL,CMD_REGLE) values ('63','2',to_date('21/06/19','DD/MM/RR'),'14,39','CB','0','1');
Insert into G02_BOOK.COMMANDE (CMD_NUM,CLI_ID,CMD_DATE,CMD_PRIX_TTC,PAY_MODE,PAY_TOTAL,CMD_REGLE) values ('64','2',to_date('21/06/19','DD/MM/RR'),'76,86','CB','0','1');
Insert into G02_BOOK.COMMANDE (CMD_NUM,CLI_ID,CMD_DATE,CMD_PRIX_TTC,PAY_MODE,PAY_TOTAL,CMD_REGLE) values ('65','2',to_date('21/06/19','DD/MM/RR'),'5,76','cb','0','0');
commit;
REM INSERTING into G02_BOOK.CONTENIR
SET DEFINE OFF;
Insert into G02_BOOK.CONTENIR (ART_NUM,CMD_NUM,CONT_QTECOM,CONT_PRIX_IMM,CONT_PROMO) values ('8','2','2','19,14','19,136');
Insert into G02_BOOK.CONTENIR (ART_NUM,CMD_NUM,CONT_QTECOM,CONT_PRIX_IMM,CONT_PROMO) values ('1','3','1','3,58','3,57604');
Insert into G02_BOOK.CONTENIR (ART_NUM,CMD_NUM,CONT_QTECOM,CONT_PRIX_IMM,CONT_PROMO) values ('3','2','6','50','5,5016');
Insert into G02_BOOK.CONTENIR (ART_NUM,CMD_NUM,CONT_QTECOM,CONT_PRIX_IMM,CONT_PROMO) values ('5','3','6','11,95','11,94804');
Insert into G02_BOOK.CONTENIR (ART_NUM,CMD_NUM,CONT_QTECOM,CONT_PRIX_IMM,CONT_PROMO) values ('2','3','1','10,05','10,0464');
Insert into G02_BOOK.CONTENIR (ART_NUM,CMD_NUM,CONT_QTECOM,CONT_PRIX_IMM,CONT_PROMO) values ('3','3','1','5,5','5,5016');
Insert into G02_BOOK.CONTENIR (ART_NUM,CMD_NUM,CONT_QTECOM,CONT_PRIX_IMM,CONT_PROMO) values ('1','63','5','3,58','3,57604');
Insert into G02_BOOK.CONTENIR (ART_NUM,CMD_NUM,CONT_QTECOM,CONT_PRIX_IMM,CONT_PROMO) values ('5','64','5','11,95','11,94804');
Insert into G02_BOOK.CONTENIR (ART_NUM,CMD_NUM,CONT_QTECOM,CONT_PRIX_IMM,CONT_PROMO) values ('7','64','3','11,95','11,94804');
Insert into G02_BOOK.CONTENIR (ART_NUM,CMD_NUM,CONT_QTECOM,CONT_PRIX_IMM,CONT_PROMO) values ('1','65','2','3,58','3,57604');
Insert into G02_BOOK.CONTENIR (ART_NUM,CMD_NUM,CONT_QTECOM,CONT_PRIX_IMM,CONT_PROMO) values ('1','2','1','3,58','3,57604');
Insert into G02_BOOK.CONTENIR (ART_NUM,CMD_NUM,CONT_QTECOM,CONT_PRIX_IMM,CONT_PROMO) values ('2','2','2','10,05','10,0464');
Insert into G02_BOOK.CONTENIR (ART_NUM,CMD_NUM,CONT_QTECOM,CONT_PRIX_IMM,CONT_PROMO) values ('5','2','1','11,95','11,94804');
Insert into G02_BOOK.CONTENIR (ART_NUM,CMD_NUM,CONT_QTECOM,CONT_PRIX_IMM,CONT_PROMO) values ('4','2','1','11,95','11,94804');
Insert into G02_BOOK.CONTENIR (ART_NUM,CMD_NUM,CONT_QTECOM,CONT_PRIX_IMM,CONT_PROMO) values ('6','2','1','11,95','11,94804');
commit;
REM INSERTING into G02_BOOK.ECRIRE
SET DEFINE OFF;
REM INSERTING into G02_BOOK.EDITEUR
SET DEFINE OFF;
Insert into G02_BOOK.EDITEUR (EDIT_ID,EDIT_LIBELLE) values ('1','Hachette');
commit;
REM INSERTING into G02_BOOK.FOURNIR
SET DEFINE OFF;
REM INSERTING into G02_BOOK.FOURNISSEUR
SET DEFINE OFF;
Insert into G02_BOOK.FOURNISSEUR (FRN_ID,FRN_NOM,FRN_TEL,FRN_RUE,FRN_VILLE,FRN_PAYS,FRN_CP) values ('1','Books for Business','0612547836','02','LONDON','ENGLAND','90000');
Insert into G02_BOOK.FOURNISSEUR (FRN_ID,FRN_NOM,FRN_TEL,FRN_RUE,FRN_VILLE,FRN_PAYS,FRN_CP) values ('2','Books for Business','0612547836','02','LONDON','ENGLAND','90000');
Insert into G02_BOOK.FOURNISSEUR (FRN_ID,FRN_NOM,FRN_TEL,FRN_RUE,FRN_VILLE,FRN_PAYS,FRN_CP) values ('3','Books for Business','0612547836','02','LONDON','ENGLAND','90000');
Insert into G02_BOOK.FOURNISSEUR (FRN_ID,FRN_NOM,FRN_TEL,FRN_RUE,FRN_VILLE,FRN_PAYS,FRN_CP) values ('4','Books for Business','0612547836','02','LONDON','ENGLAND','90000');
Insert into G02_BOOK.FOURNISSEUR (FRN_ID,FRN_NOM,FRN_TEL,FRN_RUE,FRN_VILLE,FRN_PAYS,FRN_CP) values ('5','Books for Business','0612547836','02','LONDON','ENGLAND','90000');
Insert into G02_BOOK.FOURNISSEUR (FRN_ID,FRN_NOM,FRN_TEL,FRN_RUE,FRN_VILLE,FRN_PAYS,FRN_CP) values ('6','Books for Business','0612547836','02','LONDON','ENGLAND','90000');
Insert into G02_BOOK.FOURNISSEUR (FRN_ID,FRN_NOM,FRN_TEL,FRN_RUE,FRN_VILLE,FRN_PAYS,FRN_CP) values ('7','Books for Business','0612547836','02','LONDON','ENGLAND','90000');
Insert into G02_BOOK.FOURNISSEUR (FRN_ID,FRN_NOM,FRN_TEL,FRN_RUE,FRN_VILLE,FRN_PAYS,FRN_CP) values ('8','Books for Business','0612547836','02','LONDON','ENGLAND','90000');
Insert into G02_BOOK.FOURNISSEUR (FRN_ID,FRN_NOM,FRN_TEL,FRN_RUE,FRN_VILLE,FRN_PAYS,FRN_CP) values ('9','Books for Business','0612547836','02','LONDON','ENGLAND','90000');
commit;
REM INSERTING into G02_BOOK.GENRE
SET DEFINE OFF;
Insert into G02_BOOK.GENRE (GENR_ID,GENR_LIBELLE) values ('1','action');
Insert into G02_BOOK.GENRE (GENR_ID,GENR_LIBELLE) values ('6','SF');
Insert into G02_BOOK.GENRE (GENR_ID,GENR_LIBELLE) values ('2','aventure');
Insert into G02_BOOK.GENRE (GENR_ID,GENR_LIBELLE) values ('3','policier');
Insert into G02_BOOK.GENRE (GENR_ID,GENR_LIBELLE) values ('4','drame');
Insert into G02_BOOK.GENRE (GENR_ID,GENR_LIBELLE) values ('5','horreur');
commit;
REM INSERTING into G02_BOOK.HTMLDB_PLAN_TABLE
SET DEFINE OFF;
Insert into G02_BOOK.HTMLDB_PLAN_TABLE (STATEMENT_ID,PLAN_ID,TIMESTAMP,REMARKS,OPERATION,OPTIONS,OBJECT_NODE,OBJECT_OWNER,OBJECT_NAME,OBJECT_ALIAS,OBJECT_INSTANCE,OBJECT_TYPE,OPTIMIZER,SEARCH_COLUMNS,ID,PARENT_ID,DEPTH,POSITION,COST,CARDINALITY,BYTES,OTHER_TAG,PARTITION_START,PARTITION_STOP,PARTITION_ID,OTHER,DISTRIBUTION,CPU_COST,IO_COST,TEMP_SPACE,ACCESS_PREDICATES,FILTER_PREDICATES,PROJECTION,TIME,QBLOCK_NAME) values ('45372787340345831','750',to_date('06/06/19','DD/MM/RR'),null,'SELECT STATEMENT',null,null,null,null,null,null,null,'ALL_ROWS',null,'0',null,'0','29','29','8168','16336',null,null,null,null,null,null,'1937344','29',null,null,null,null,'1',null);
Insert into G02_BOOK.HTMLDB_PLAN_TABLE (STATEMENT_ID,PLAN_ID,TIMESTAMP,REMARKS,OPERATION,OPTIONS,OBJECT_NODE,OBJECT_OWNER,OBJECT_NAME,OBJECT_ALIAS,OBJECT_INSTANCE,OBJECT_TYPE,OPTIMIZER,SEARCH_COLUMNS,ID,PARENT_ID,DEPTH,POSITION,COST,CARDINALITY,BYTES,OTHER_TAG,PARTITION_START,PARTITION_STOP,PARTITION_ID,OTHER,DISTRIBUTION,CPU_COST,IO_COST,TEMP_SPACE,ACCESS_PREDICATES,FILTER_PREDICATES,PROJECTION,TIME,QBLOCK_NAME) values ('45372787340345831','750',to_date('06/06/19','DD/MM/RR'),'<remarks><info type="db_version">12.2.0.1</info><info type="parse_schema"><![CDATA["G02_BOOK"]]></info><info type="plan_hash_full">3745920544</info><info type="plan_hash">2137789089</info><info type="plan_hash_2">3745920544</info><outline_data><hint><![CDATA[FULL(@"SEL$F5BB74E1" "KOKBF$0"@"SEL$2")]]></hint><hint><![CDATA[OUTLINE(@"SEL$2")]]></hint><hint><![CDATA[OUTLINE(@"SEL$1")]]></hint><hint><![CDATA[MERGE(@"SEL$2" >"SEL$1")]]></hint><hint><![CDATA[OUTLINE_LEAF(@"SEL$F5BB74E1")]]></hint><hint><![CDATA[ALL_ROWS]]></hint><hint><![CDATA[DB_VERSION(''12.2.0.1'')]]></hint><hint><![CDATA[OPTIMIZER_FEATURES_ENABLE(''12.2.0.1'')]]></hint><hint><![CDATA[IGNORE_OPTIM_EMBEDDED_HINTS]]></hint></outline_data></remarks>','COLLECTION ITERATOR','PICKLER FETCH',null,'DBMS_XPLAN','DISPLAY','KOKBF$0@SEL$2',null,'PROCEDURE',null,null,'1','0','1','1','29','8168','16336',null,null,null,null,null,null,'1937344','29',null,null,null,'VALUE(A0)[4000]','1','SEL$F5BB74E1');
Insert into G02_BOOK.HTMLDB_PLAN_TABLE (STATEMENT_ID,PLAN_ID,TIMESTAMP,REMARKS,OPERATION,OPTIONS,OBJECT_NODE,OBJECT_OWNER,OBJECT_NAME,OBJECT_ALIAS,OBJECT_INSTANCE,OBJECT_TYPE,OPTIMIZER,SEARCH_COLUMNS,ID,PARENT_ID,DEPTH,POSITION,COST,CARDINALITY,BYTES,OTHER_TAG,PARTITION_START,PARTITION_STOP,PARTITION_ID,OTHER,DISTRIBUTION,CPU_COST,IO_COST,TEMP_SPACE,ACCESS_PREDICATES,FILTER_PREDICATES,PROJECTION,TIME,QBLOCK_NAME) values ('45372968364346489','751',to_date('06/06/19','DD/MM/RR'),null,'SELECT STATEMENT',null,null,null,null,null,null,null,'ALL_ROWS',null,'0',null,'0','29','29','8168','16336',null,null,null,null,null,null,'1937344','29',null,null,null,null,'1',null);
Insert into G02_BOOK.HTMLDB_PLAN_TABLE (STATEMENT_ID,PLAN_ID,TIMESTAMP,REMARKS,OPERATION,OPTIONS,OBJECT_NODE,OBJECT_OWNER,OBJECT_NAME,OBJECT_ALIAS,OBJECT_INSTANCE,OBJECT_TYPE,OPTIMIZER,SEARCH_COLUMNS,ID,PARENT_ID,DEPTH,POSITION,COST,CARDINALITY,BYTES,OTHER_TAG,PARTITION_START,PARTITION_STOP,PARTITION_ID,OTHER,DISTRIBUTION,CPU_COST,IO_COST,TEMP_SPACE,ACCESS_PREDICATES,FILTER_PREDICATES,PROJECTION,TIME,QBLOCK_NAME) values ('45372968364346489','751',to_date('06/06/19','DD/MM/RR'),'<remarks><info type="db_version">12.2.0.1</info><info type="parse_schema"><![CDATA["G02_BOOK"]]></info><info type="plan_hash_full">3745920544</info><info type="plan_hash">2137789089</info><info type="plan_hash_2">3745920544</info><outline_data><hint><![CDATA[FULL(@"SEL$F5BB74E1" "KOKBF$0"@"SEL$2")]]></hint><hint><![CDATA[OUTLINE(@"SEL$2")]]></hint><hint><![CDATA[OUTLINE(@"SEL$1")]]></hint><hint><![CDATA[MERGE(@"SEL$2" >"SEL$1")]]></hint><hint><![CDATA[OUTLINE_LEAF(@"SEL$F5BB74E1")]]></hint><hint><![CDATA[ALL_ROWS]]></hint><hint><![CDATA[DB_VERSION(''12.2.0.1'')]]></hint><hint><![CDATA[OPTIMIZER_FEATURES_ENABLE(''12.2.0.1'')]]></hint><hint><![CDATA[IGNORE_OPTIM_EMBEDDED_HINTS]]></hint></outline_data></remarks>','COLLECTION ITERATOR','PICKLER FETCH',null,'DBMS_XPLAN','DISPLAY','KOKBF$0@SEL$2',null,'PROCEDURE',null,null,'1','0','1','1','29','8168','16336',null,null,null,null,null,null,'1937344','29',null,null,null,'VALUE(A0)[4000]','1','SEL$F5BB74E1');
Insert into G02_BOOK.HTMLDB_PLAN_TABLE (STATEMENT_ID,PLAN_ID,TIMESTAMP,REMARKS,OPERATION,OPTIONS,OBJECT_NODE,OBJECT_OWNER,OBJECT_NAME,OBJECT_ALIAS,OBJECT_INSTANCE,OBJECT_TYPE,OPTIMIZER,SEARCH_COLUMNS,ID,PARENT_ID,DEPTH,POSITION,COST,CARDINALITY,BYTES,OTHER_TAG,PARTITION_START,PARTITION_STOP,PARTITION_ID,OTHER,DISTRIBUTION,CPU_COST,IO_COST,TEMP_SPACE,ACCESS_PREDICATES,FILTER_PREDICATES,PROJECTION,TIME,QBLOCK_NAME) values ('45373170882346504','752',to_date('06/06/19','DD/MM/RR'),null,'SELECT STATEMENT',null,null,null,null,null,null,null,'ALL_ROWS',null,'0',null,'0','29','29','8168','16336',null,null,null,null,null,null,'1937344','29',null,null,null,null,'1',null);
Insert into G02_BOOK.HTMLDB_PLAN_TABLE (STATEMENT_ID,PLAN_ID,TIMESTAMP,REMARKS,OPERATION,OPTIONS,OBJECT_NODE,OBJECT_OWNER,OBJECT_NAME,OBJECT_ALIAS,OBJECT_INSTANCE,OBJECT_TYPE,OPTIMIZER,SEARCH_COLUMNS,ID,PARENT_ID,DEPTH,POSITION,COST,CARDINALITY,BYTES,OTHER_TAG,PARTITION_START,PARTITION_STOP,PARTITION_ID,OTHER,DISTRIBUTION,CPU_COST,IO_COST,TEMP_SPACE,ACCESS_PREDICATES,FILTER_PREDICATES,PROJECTION,TIME,QBLOCK_NAME) values ('45373170882346504','752',to_date('06/06/19','DD/MM/RR'),'<remarks><info type="db_version">12.2.0.1</info><info type="parse_schema"><![CDATA["G02_BOOK"]]></info><info type="plan_hash_full">3745920544</info><info type="plan_hash">2137789089</info><info type="plan_hash_2">3745920544</info><outline_data><hint><![CDATA[FULL(@"SEL$F5BB74E1" "KOKBF$0"@"SEL$2")]]></hint><hint><![CDATA[OUTLINE(@"SEL$2")]]></hint><hint><![CDATA[OUTLINE(@"SEL$1")]]></hint><hint><![CDATA[MERGE(@"SEL$2" >"SEL$1")]]></hint><hint><![CDATA[OUTLINE_LEAF(@"SEL$F5BB74E1")]]></hint><hint><![CDATA[ALL_ROWS]]></hint><hint><![CDATA[DB_VERSION(''12.2.0.1'')]]></hint><hint><![CDATA[OPTIMIZER_FEATURES_ENABLE(''12.2.0.1'')]]></hint><hint><![CDATA[IGNORE_OPTIM_EMBEDDED_HINTS]]></hint></outline_data></remarks>','COLLECTION ITERATOR','PICKLER FETCH',null,'DBMS_XPLAN','DISPLAY','KOKBF$0@SEL$2',null,'PROCEDURE',null,null,'1','0','1','1','29','8168','16336',null,null,null,null,null,null,'1937344','29',null,null,null,'VALUE(A0)[4000]','1','SEL$F5BB74E1');
Insert into G02_BOOK.HTMLDB_PLAN_TABLE (STATEMENT_ID,PLAN_ID,TIMESTAMP,REMARKS,OPERATION,OPTIONS,OBJECT_NODE,OBJECT_OWNER,OBJECT_NAME,OBJECT_ALIAS,OBJECT_INSTANCE,OBJECT_TYPE,OPTIMIZER,SEARCH_COLUMNS,ID,PARENT_ID,DEPTH,POSITION,COST,CARDINALITY,BYTES,OTHER_TAG,PARTITION_START,PARTITION_STOP,PARTITION_ID,OTHER,DISTRIBUTION,CPU_COST,IO_COST,TEMP_SPACE,ACCESS_PREDICATES,FILTER_PREDICATES,PROJECTION,TIME,QBLOCK_NAME) values ('45373665807350995','754',to_date('06/06/19','DD/MM/RR'),null,'SELECT STATEMENT',null,null,null,null,null,null,null,'ALL_ROWS',null,'0',null,'0','29','29','8168','16336',null,null,null,null,null,null,'1937344','29',null,null,null,null,'1',null);
Insert into G02_BOOK.HTMLDB_PLAN_TABLE (STATEMENT_ID,PLAN_ID,TIMESTAMP,REMARKS,OPERATION,OPTIONS,OBJECT_NODE,OBJECT_OWNER,OBJECT_NAME,OBJECT_ALIAS,OBJECT_INSTANCE,OBJECT_TYPE,OPTIMIZER,SEARCH_COLUMNS,ID,PARENT_ID,DEPTH,POSITION,COST,CARDINALITY,BYTES,OTHER_TAG,PARTITION_START,PARTITION_STOP,PARTITION_ID,OTHER,DISTRIBUTION,CPU_COST,IO_COST,TEMP_SPACE,ACCESS_PREDICATES,FILTER_PREDICATES,PROJECTION,TIME,QBLOCK_NAME) values ('45373665807350995','754',to_date('06/06/19','DD/MM/RR'),'<remarks><info type="db_version">12.2.0.1</info><info type="parse_schema"><![CDATA["G02_BOOK"]]></info><info type="plan_hash_full">3745920544</info><info type="plan_hash">2137789089</info><info type="plan_hash_2">3745920544</info><outline_data><hint><![CDATA[FULL(@"SEL$F5BB74E1" "KOKBF$0"@"SEL$2")]]></hint><hint><![CDATA[OUTLINE(@"SEL$2")]]></hint><hint><![CDATA[OUTLINE(@"SEL$1")]]></hint><hint><![CDATA[MERGE(@"SEL$2" >"SEL$1")]]></hint><hint><![CDATA[OUTLINE_LEAF(@"SEL$F5BB74E1")]]></hint><hint><![CDATA[ALL_ROWS]]></hint><hint><![CDATA[DB_VERSION(''12.2.0.1'')]]></hint><hint><![CDATA[OPTIMIZER_FEATURES_ENABLE(''12.2.0.1'')]]></hint><hint><![CDATA[IGNORE_OPTIM_EMBEDDED_HINTS]]></hint></outline_data></remarks>','COLLECTION ITERATOR','PICKLER FETCH',null,'DBMS_XPLAN','DISPLAY','KOKBF$0@SEL$2',null,'PROCEDURE',null,null,'1','0','1','1','29','8168','16336',null,null,null,null,null,null,'1937344','29',null,null,null,'VALUE(A0)[4000]','1','SEL$F5BB74E1');
Insert into G02_BOOK.HTMLDB_PLAN_TABLE (STATEMENT_ID,PLAN_ID,TIMESTAMP,REMARKS,OPERATION,OPTIONS,OBJECT_NODE,OBJECT_OWNER,OBJECT_NAME,OBJECT_ALIAS,OBJECT_INSTANCE,OBJECT_TYPE,OPTIMIZER,SEARCH_COLUMNS,ID,PARENT_ID,DEPTH,POSITION,COST,CARDINALITY,BYTES,OTHER_TAG,PARTITION_START,PARTITION_STOP,PARTITION_ID,OTHER,DISTRIBUTION,CPU_COST,IO_COST,TEMP_SPACE,ACCESS_PREDICATES,FILTER_PREDICATES,PROJECTION,TIME,QBLOCK_NAME) values ('45375122335393854','758',to_date('06/06/19','DD/MM/RR'),null,'SELECT STATEMENT',null,null,null,null,null,null,null,'ALL_ROWS',null,'0',null,'0','29','29','8168','16336',null,null,null,null,null,null,'1937344','29',null,null,null,null,'1',null);
Insert into G02_BOOK.HTMLDB_PLAN_TABLE (STATEMENT_ID,PLAN_ID,TIMESTAMP,REMARKS,OPERATION,OPTIONS,OBJECT_NODE,OBJECT_OWNER,OBJECT_NAME,OBJECT_ALIAS,OBJECT_INSTANCE,OBJECT_TYPE,OPTIMIZER,SEARCH_COLUMNS,ID,PARENT_ID,DEPTH,POSITION,COST,CARDINALITY,BYTES,OTHER_TAG,PARTITION_START,PARTITION_STOP,PARTITION_ID,OTHER,DISTRIBUTION,CPU_COST,IO_COST,TEMP_SPACE,ACCESS_PREDICATES,FILTER_PREDICATES,PROJECTION,TIME,QBLOCK_NAME) values ('45375122335393854','758',to_date('06/06/19','DD/MM/RR'),'<remarks><info type="db_version">12.2.0.1</info><info type="parse_schema"><![CDATA["G02_BOOK"]]></info><info type="plan_hash_full">3745920544</info><info type="plan_hash">2137789089</info><info type="plan_hash_2">3745920544</info><outline_data><hint><![CDATA[FULL(@"SEL$F5BB74E1" "KOKBF$0"@"SEL$2")]]></hint><hint><![CDATA[OUTLINE(@"SEL$2")]]></hint><hint><![CDATA[OUTLINE(@"SEL$1")]]></hint><hint><![CDATA[MERGE(@"SEL$2" >"SEL$1")]]></hint><hint><![CDATA[OUTLINE_LEAF(@"SEL$F5BB74E1")]]></hint><hint><![CDATA[ALL_ROWS]]></hint><hint><![CDATA[DB_VERSION(''12.2.0.1'')]]></hint><hint><![CDATA[OPTIMIZER_FEATURES_ENABLE(''12.2.0.1'')]]></hint><hint><![CDATA[IGNORE_OPTIM_EMBEDDED_HINTS]]></hint></outline_data></remarks>','COLLECTION ITERATOR','PICKLER FETCH',null,'DBMS_XPLAN','DISPLAY','KOKBF$0@SEL$2',null,'PROCEDURE',null,null,'1','0','1','1','29','8168','16336',null,null,null,null,null,null,'1937344','29',null,null,null,'VALUE(A0)[4000]','1','SEL$F5BB74E1');
Insert into G02_BOOK.HTMLDB_PLAN_TABLE (STATEMENT_ID,PLAN_ID,TIMESTAMP,REMARKS,OPERATION,OPTIONS,OBJECT_NODE,OBJECT_OWNER,OBJECT_NAME,OBJECT_ALIAS,OBJECT_INSTANCE,OBJECT_TYPE,OPTIMIZER,SEARCH_COLUMNS,ID,PARENT_ID,DEPTH,POSITION,COST,CARDINALITY,BYTES,OTHER_TAG,PARTITION_START,PARTITION_STOP,PARTITION_ID,OTHER,DISTRIBUTION,CPU_COST,IO_COST,TEMP_SPACE,ACCESS_PREDICATES,FILTER_PREDICATES,PROJECTION,TIME,QBLOCK_NAME) values ('45375632435398335','759',to_date('06/06/19','DD/MM/RR'),null,'SELECT STATEMENT',null,null,null,null,null,null,null,'ALL_ROWS',null,'0',null,'0','3','3','6','462',null,null,null,null,null,null,'36987','3',null,null,null,null,'1',null);
Insert into G02_BOOK.HTMLDB_PLAN_TABLE (STATEMENT_ID,PLAN_ID,TIMESTAMP,REMARKS,OPERATION,OPTIONS,OBJECT_NODE,OBJECT_OWNER,OBJECT_NAME,OBJECT_ALIAS,OBJECT_INSTANCE,OBJECT_TYPE,OPTIMIZER,SEARCH_COLUMNS,ID,PARENT_ID,DEPTH,POSITION,COST,CARDINALITY,BYTES,OTHER_TAG,PARTITION_START,PARTITION_STOP,PARTITION_ID,OTHER,DISTRIBUTION,CPU_COST,IO_COST,TEMP_SPACE,ACCESS_PREDICATES,FILTER_PREDICATES,PROJECTION,TIME,QBLOCK_NAME) values ('45375632435398335','759',to_date('06/06/19','DD/MM/RR'),'<remarks><info type="db_version">12.2.0.1</info><info type="parse_schema"><![CDATA["G02_BOOK"]]></info><info type="dynamic_sampling" note="y">2</info><info type="plan_hash_full">1024865630</info><info type="plan_hash">3202677300</info><info type="plan_hash_2">1024865630</info><outline_data><hint><![CDATA[FULL(@"SEL$1" "AUTEUR"@"SEL$1")]]></hint><hint><![CDATA[OUTLINE_LEAF(@"SEL$1")]]></hint><hint><![CDATA[ALL_ROWS]]></hint><hint><![CDATA[DB_VERSION(''12.2.0.1'')]]></hint><hint><![CDATA[OPTIMIZER_FEATURES_ENABLE(''12.2.0.1'')]]></hint><hint><![CDATA[IGNORE_OPTIM_EMBEDDED_HINTS]]></hint></outline_data></remarks>','TABLE ACCESS','FULL',null,'G02_BOOK','AUTEUR','AUTEUR@SEL$1','1','TABLE',null,null,'1','0','1','1','3','6','462',null,null,null,null,null,null,'36987','3',null,null,null,'"AUTEUR"."AUT_ID"[NUMBER,22], "AUTEUR"."AUT_NOM"[VARCHAR2,30], "AUTEUR"."AUT_PRENOM"[VARCHAR2,30], "AUTEUR"."AUT_NATIONALITE"[VARCHAR2,30], "AUTEUR"."AUT_AGE"[NUMBER,22]','1','SEL$1');
Insert into G02_BOOK.HTMLDB_PLAN_TABLE (STATEMENT_ID,PLAN_ID,TIMESTAMP,REMARKS,OPERATION,OPTIONS,OBJECT_NODE,OBJECT_OWNER,OBJECT_NAME,OBJECT_ALIAS,OBJECT_INSTANCE,OBJECT_TYPE,OPTIMIZER,SEARCH_COLUMNS,ID,PARENT_ID,DEPTH,POSITION,COST,CARDINALITY,BYTES,OTHER_TAG,PARTITION_START,PARTITION_STOP,PARTITION_ID,OTHER,DISTRIBUTION,CPU_COST,IO_COST,TEMP_SPACE,ACCESS_PREDICATES,FILTER_PREDICATES,PROJECTION,TIME,QBLOCK_NAME) values ('45375850471398473','760',to_date('06/06/19','DD/MM/RR'),null,'SELECT STATEMENT',null,null,null,null,null,null,null,'ALL_ROWS',null,'0',null,'0','3','3','6','462',null,null,null,null,null,null,'36987','3',null,null,null,null,'1',null);
Insert into G02_BOOK.HTMLDB_PLAN_TABLE (STATEMENT_ID,PLAN_ID,TIMESTAMP,REMARKS,OPERATION,OPTIONS,OBJECT_NODE,OBJECT_OWNER,OBJECT_NAME,OBJECT_ALIAS,OBJECT_INSTANCE,OBJECT_TYPE,OPTIMIZER,SEARCH_COLUMNS,ID,PARENT_ID,DEPTH,POSITION,COST,CARDINALITY,BYTES,OTHER_TAG,PARTITION_START,PARTITION_STOP,PARTITION_ID,OTHER,DISTRIBUTION,CPU_COST,IO_COST,TEMP_SPACE,ACCESS_PREDICATES,FILTER_PREDICATES,PROJECTION,TIME,QBLOCK_NAME) values ('45375850471398473','760',to_date('06/06/19','DD/MM/RR'),'<remarks><info type="db_version">12.2.0.1</info><info type="parse_schema"><![CDATA["G02_BOOK"]]></info><info type="dynamic_sampling" note="y">2</info><info type="plan_hash_full">1024865630</info><info type="plan_hash">3202677300</info><info type="plan_hash_2">1024865630</info><outline_data><hint><![CDATA[FULL(@"SEL$1" "AUTEUR"@"SEL$1")]]></hint><hint><![CDATA[OUTLINE_LEAF(@"SEL$1")]]></hint><hint><![CDATA[ALL_ROWS]]></hint><hint><![CDATA[DB_VERSION(''12.2.0.1'')]]></hint><hint><![CDATA[OPTIMIZER_FEATURES_ENABLE(''12.2.0.1'')]]></hint><hint><![CDATA[IGNORE_OPTIM_EMBEDDED_HINTS]]></hint></outline_data></remarks>','TABLE ACCESS','FULL',null,'G02_BOOK','AUTEUR','AUTEUR@SEL$1','1','TABLE',null,null,'1','0','1','1','3','6','462',null,null,null,null,null,null,'36987','3',null,null,null,'"AUTEUR"."AUT_ID"[NUMBER,22], "AUTEUR"."AUT_NOM"[VARCHAR2,30], "AUTEUR"."AUT_PRENOM"[VARCHAR2,30], "AUTEUR"."AUT_NATIONALITE"[VARCHAR2,30], "AUTEUR"."AUT_AGE"[NUMBER,22]','1','SEL$1');
commit;
REM INSERTING into G02_BOOK.LIVRAISON
SET DEFINE OFF;
Insert into G02_BOOK.LIVRAISON (LIVR_NUM,CMD_NUM,LIVR_DATE,LIVR_RUE,LIVR_CP,LIVR_VILLE,LIVR_PAYS,LIVR_PRIX) values ('1','2',to_date('21/06/19','DD/MM/RR'),'06 rue de belfort','90000','BELFORT','FR','4');
Insert into G02_BOOK.LIVRAISON (LIVR_NUM,CMD_NUM,LIVR_DATE,LIVR_RUE,LIVR_CP,LIVR_VILLE,LIVR_PAYS,LIVR_PRIX) values ('2','1',to_date('21/06/19','DD/MM/RR'),'06 rue de belfort','90000','BELFORT','FR','4');
Insert into G02_BOOK.LIVRAISON (LIVR_NUM,CMD_NUM,LIVR_DATE,LIVR_RUE,LIVR_CP,LIVR_VILLE,LIVR_PAYS,LIVR_PRIX) values ('3','64',to_date('21/06/19','DD/MM/RR'),'06 rue de belfort','90000','BELFORT','FR','4');
commit;
